{
  "path": "rework-request-submit",
  "unique_id": "quJVWZCDHfHzKNuinh82qk",
  "content": {
    "background": {
      "style": "pattern",
      "pattern": "light-2"
    },
    "layout": [
      1,
      [
        {
          "id": "d8be4b6f",
          "type": "container",
          "name": "Container",
          "x": 1,
          "width": 11,
          "visible": true,
          "layout": [
            1,
            [
              {
                "id": "2c9b2072",
                "type": "container",
                "name": "Container 2",
                "x": 0,
                "width": 12,
                "visible": true,
                "layout": [
                  1,
                  [
                    {
                      "id": "6053bc53",
                      "type": "image",
                      "name": "Image",
                      "x": 0,
                      "width": 1,
                      "height": 8,
                      "visible": true,
                      "image": "https://lcap-files-awsprod-us-east-1.s3.amazonaws.com/4kSYgAU6QDj16k8SJDsQN6/pages/quJVWZCDHfHzKNuinh82qk/image/7w6aeA5kxrvzsLBn.png",
                      "fitting": "contain",
                      "horizontalAlignment": "center",
                      "verticalAlignment": "center",
                      "validations": {}
                    },
                    0
                  ],
                  [
                    {
                      "id": "f31fada8",
                      "type": "text",
                      "name": "Text",
                      "x": 1,
                      "width": 4,
                      "visible": true,
                      "text": "# Rework Request",
                      "alignment": "left",
                      "color": "#24434f",
                      "validations": {}
                    },
                    3
                  ],
                  [
                    {
                      "id": "33be5cf9",
                      "type": "text",
                      "name": "Text 2",
                      "x": 8,
                      "width": 4,
                      "visible": true,
                      "text": "User:#{_dp('{\"source\":\"user\",\"path\":[\"email\"]}')}",
                      "alignment": "right",
                      "color": "#24434f",
                      "validations": {}
                    },
                    3
                  ],
                  [
                    {
                      "id": "173af993",
                      "type": "file",
                      "name": "Batch File Upload",
                      "x": 8,
                      "width": 4,
                      "visible": true,
                      "dataSource": {
                        "id": "f3614f0d-cac7-4553-9fe2-e93bc34bec1a",
                        "type": "file"
                      },
                      "label": "Batch Upload (.csv)",
                      "hint": "",
                      "mode": "upload",
                      "validations": {
                        "required": {
                          "condition": false
                        },
                        "fileSize": {
                          "max": 10
                        },
                        "allowedFiles": {
                          "type": "custom",
                          "extensions": [
                            "csv"
                          ]
                        }
                      }
                    },
                    1
                  ],
                  [
                    {
                      "id": "ac6076d6",
                      "type": "input",
                      "name": "Plant #",
                      "x": 0,
                      "width": 3,
                      "visible": true,
                      "dataSource": {
                        "id": "a1a712df-176e-42f9-a45d-6100496ff269",
                        "type": "short-text"
                      },
                      "editable": true,
                      "label": "Plant #",
                      "hint": "",
                      "placeholder": "",
                      "style": "short-text",
                      "validations": {
                        "required": {
                          "condition": true
                        }
                      }
                    },
                    1
                  ],
                  [
                    {
                      "id": "a0b8e826",
                      "type": "input",
                      "name": "Storage Location",
                      "x": 0,
                      "width": 3,
                      "visible": true,
                      "dataSource": {
                        "id": "6aced24e-c3d9-448f-9f03-06eb2e3db69c",
                        "type": "short-text"
                      },
                      "editable": true,
                      "label": "Storage Location",
                      "hint": "",
                      "placeholder": "",
                      "style": "short-text",
                      "validations": {
                        "required": {
                          "condition": true
                        }
                      }
                    },
                    0
                  ],
                  [
                    {
                      "id": "9adba0fa",
                      "type": "input",
                      "name": "Site Leader Email",
                      "x": 0,
                      "width": 5,
                      "visible": true,
                      "dataSource": {
                        "id": "5c10fa30-df05-4ce0-aef8-d795f3d647eb",
                        "type": "short-text"
                      },
                      "editable": true,
                      "label": "Site Leader Email",
                      "hint": "",
                      "placeholder": "",
                      "style": "short-text",
                      "validations": {
                        "required": {
                          "condition": true
                        }
                      }
                    },
                    0
                  ],
                  [
                    {
                      "id": "f50fa97e",
                      "type": "file",
                      "name": "FileUpload",
                      "x": 8,
                      "width": 4,
                      "visible": true,
                      "dataSource": {
                        "id": "ccf12147-cafa-4f98-be3c-ab97ec42d4cc",
                        "type": "file"
                      },
                      "label": "Rework Protocol",
                      "hint": "",
                      "mode": "upload",
                      "validations": {
                        "required": {
                          "condition": true
                        },
                        "fileSize": {
                          "max": 10
                        },
                        "allowedFiles": {
                          "type": "custom",
                          "extensions": [
                            "csv",
                            "pdf",
                            "xls",
                            "xlsx"
                          ]
                        }
                      }
                    },
                    2
                  ],
                  [
                    {
                      "id": "5b181eb1",
                      "type": "dropdown",
                      "name": "Request Type",
                      "x": 0,
                      "width": 5,
                      "visible": true,
                      "dataSource": {
                        "id": "13e1c9af-77e3-40d7-b975-3ff73f56146b",
                        "type": "short-text"
                      },
                      "editable": true,
                      "label": "Rework Request Type",
                      "hint": "",
                      "placeholder": "Choose an option",
                      "options": [
                        {
                          "title": "Rework",
                          "value": "Rework"
                        }
                      ],
                      "dataSourceOptions": null,
                      "validations": {
                        "required": {
                          "condition": true
                        }
                      }
                    },
                    0
                  ],
                  [
                    {
                      "id": "e1df15f9",
                      "type": "divider",
                      "name": "Divider",
                      "x": 0,
                      "width": 12,
                      "visible": true,
                      "backgroundColor": "#ced5db",
                      "validations": {}
                    },
                    0
                  ],
                  [
                    {
                      "id": "32399d90",
                      "type": "table",
                      "name": "Shipments Request Line Items",
                      "x": 0,
                      "width": 12,
                      "visible": [
                        1,
                        [
                          7,
                          "#{_dp('{\"source\":\"widget\",\"id\":\"5b181eb1\",\"path\":[\"value\"]}')}",
                          "Rework"
                        ]
                      ],
                      "editable": true,
                      "title": "Rework",
                      "addRowButtonText": "Add record",
                      "displayedRowsCount": 10,
                      "tableId": "37563c33-edd8-4625-9fde-3b87fd0d9278",
                      "relatedColumnId": "ac03fc56-9c09-420e-9371-91569f83ab19",
                      "visibleColumnsIds": [
                        "aaa3f4f6-fc06-485f-ac89-0d0b93e7bc98",
                        "2622e303-5152-4af0-9dc7-9f228aa5d3a4",
                        "f443944e-7b2f-43af-af8b-a3c9168bf37c",
                        "fced76c7-9ba3-48b9-96bb-e9f4e74f86e0",
                        "06826b70-5f5a-4bcd-8c8b-6c9447b01fdb",
                        "b2e435d3-a801-427c-9e28-c63eba36bede",
                        "d17d6f56-9ad8-4ddf-832f-fb884f4626bc"
                      ],
                      "validations": {}
                    },
                    1
                  ],
                  [
                    {
                      "id": "f4a70061",
                      "type": "button",
                      "name": "Button",
                      "x": 10,
                      "width": 2,
                      "visible": true,
                      "label": "Validate",
                      "style": "filled",
                      "action": {
                        "type": "save-data"
                      },
                      "validations": {}
                    },
                    0
                  ]
                ],
                "backgroundColor": "#ffffff",
                "borderColor": "transparent",
                "padding": "none",
                "validations": {}
              },
              1
            ]
          ],
          "backgroundColor": "#ffffff",
          "borderColor": "#ced5db",
          "padding": "large",
          "validations": {}
        },
        1
      ]
    ],
    "type": "common"
  }
}