{
  "path": "return-to-vendor-request-submit",
  "unique_id": "2mzev4kfKhGd7eKcaZZYzi",
  "content": {
    "background": {
      "style": "pattern",
      "pattern": "light-2"
    },
    "layout": [
      1,
      [
        {
          "id": "d8be4b6f",
          "type": "container",
          "name": "Container",
          "x": 1,
          "width": 11,
          "visible": true,
          "layout": [
            1,
            [
              {
                "id": "2c9b2072",
                "type": "container",
                "name": "Container 2",
                "x": 0,
                "width": 12,
                "visible": true,
                "layout": [
                  1,
                  [
                    {
                      "id": "6053bc53",
                      "type": "image",
                      "name": "Image",
                      "x": 0,
                      "width": 1,
                      "height": 8,
                      "visible": true,
                      "image": "https://lcap-files-awsprod-us-east-1.s3.amazonaws.com/4kSYgAU6QDj16k8SJDsQN6/pages/2mzev4kfKhGd7eKcaZZYzi/image/7w6aeA5kxrvzsLBn.png",
                      "fitting": "contain",
                      "horizontalAlignment": "center",
                      "verticalAlignment": "center",
                      "validations": {}
                    },
                    0
                  ],
                  [
                    {
                      "id": "f31fada8",
                      "type": "text",
                      "name": "Text",
                      "x": 1,
                      "width": 4,
                      "visible": true,
                      "text": "# Return to Vendor",
                      "alignment": "left",
                      "color": "#24434f",
                      "validations": {}
                    },
                    3
                  ],
                  [
                    {
                      "id": "33be5cf9",
                      "type": "text",
                      "name": "Text 2",
                      "x": 8,
                      "width": 4,
                      "visible": true,
                      "text": "User:#{_dp('{\"source\":\"user\",\"path\":[\"email\"]}')}",
                      "alignment": "right",
                      "color": "#24434f",
                      "validations": {}
                    },
                    3
                  ],
                  [
                    {
                      "id": "e4ca2349",
                      "type": "file",
                      "name": "FileUpload 2",
                      "x": 8,
                      "width": 4,
                      "visible": true,
                      "dataSource": {
                        "id": "ccf12147-cafa-4f98-be3c-ab97ec42d4cc",
                        "type": "file"
                      },
                      "label": "BOL File Upload",
                      "hint": "",
                      "mode": "upload",
                      "validations": {
                        "required": {
                          "condition": true
                        },
                        "fileSize": {
                          "max": 10
                        }
                      }
                    },
                    2
                  ],
                  [
                    {
                      "id": "ac6076d6",
                      "type": "input",
                      "name": "Plant #",
                      "x": 0,
                      "width": 3,
                      "visible": true,
                      "dataSource": {
                        "id": "a1a712df-176e-42f9-a45d-6100496ff269",
                        "type": "short-text"
                      },
                      "editable": true,
                      "label": "Plant #",
                      "hint": "",
                      "placeholder": "",
                      "style": "short-text",
                      "validations": {
                        "required": {
                          "condition": true
                        }
                      }
                    },
                    1
                  ],
                  [
                    {
                      "id": "a0b8e826",
                      "type": "input",
                      "name": "Storage Location",
                      "x": 0,
                      "width": 3,
                      "visible": true,
                      "dataSource": {
                        "id": "6aced24e-c3d9-448f-9f03-06eb2e3db69c",
                        "type": "short-text"
                      },
                      "editable": true,
                      "label": "Storage Location",
                      "hint": "",
                      "placeholder": "",
                      "style": "short-text",
                      "validations": {
                        "required": {
                          "condition": true
                        }
                      }
                    },
                    0
                  ],
                  [
                    {
                      "id": "4cdb8d52",
                      "type": "file",
                      "name": "Batch File Upload",
                      "x": 8,
                      "width": 4,
                      "visible": true,
                      "dataSource": {
                        "id": "f3614f0d-cac7-4553-9fe2-e93bc34bec1a",
                        "type": "file"
                      },
                      "label": "Batch Upload (.csv)",
                      "hint": "",
                      "mode": "upload",
                      "validations": {
                        "required": {
                          "condition": false
                        },
                        "fileSize": {
                          "max": 10
                        },
                        "allowedFiles": {
                          "type": "custom",
                          "extensions": [
                            "csv"
                          ]
                        }
                      }
                    },
                    0
                  ],
                  [
                    {
                      "id": "70de0479",
                      "type": "input",
                      "name": "Site Leader Email",
                      "x": 0,
                      "width": 3,
                      "visible": true,
                      "dataSource": {
                        "id": "5c10fa30-df05-4ce0-aef8-d795f3d647eb",
                        "type": "short-text"
                      },
                      "editable": true,
                      "label": "Site Leader Email",
                      "hint": "",
                      "placeholder": "",
                      "style": "short-text",
                      "validations": {
                        "required": {
                          "condition": true
                        }
                      }
                    },
                    0
                  ],
                  [
                    {
                      "id": "5b181eb1",
                      "type": "dropdown",
                      "name": "Request Type",
                      "x": 0,
                      "width": 5,
                      "visible": true,
                      "dataSource": {
                        "id": "13e1c9af-77e3-40d7-b975-3ff73f56146b",
                        "type": "short-text"
                      },
                      "editable": true,
                      "label": "Return to Vendor Request Type",
                      "hint": "",
                      "placeholder": "Choose an option",
                      "options": [
                        {
                          "title": "Return to Vendor",
                          "value": "Return to Vendor"
                        }
                      ],
                      "dataSourceOptions": null,
                      "validations": {
                        "required": {
                          "condition": true
                        }
                      }
                    },
                    0
                  ],
                  [
                    {
                      "id": "8814818c",
                      "type": "file",
                      "name": "Vendor Validation",
                      "x": 8,
                      "width": 4,
                      "visible": true,
                      "dataSource": {
                        "id": "ba2b4e61-5f62-42af-b7da-bbc29384cb14",
                        "type": "file"
                      },
                      "label": "Vendor Validation",
                      "hint": "",
                      "mode": "upload",
                      "validations": {
                        "required": {
                          "condition": true
                        },
                        "fileSize": {
                          "max": 10
                        },
                        "allowedFiles": {
                          "type": "custom",
                          "extensions": [
                            "doc",
                            "docx",
                            "pdf",
                            "msg"
                          ]
                        }
                      }
                    },
                    0
                  ],
                  [
                    {
                      "id": "e1df15f9",
                      "type": "divider",
                      "name": "Divider",
                      "x": 0,
                      "width": 12,
                      "visible": true,
                      "backgroundColor": "#ced5db",
                      "validations": {}
                    },
                    1
                  ],
                  [
                    {
                      "id": "32399d90",
                      "type": "table",
                      "name": "Shipments Request Line Items",
                      "x": 0,
                      "width": 12,
                      "visible": [
                        1,
                        [
                          7,
                          "#{_dp('{\"source\":\"widget\",\"id\":\"5b181eb1\",\"path\":[\"value\"]}')}",
                          "Return to Vendor"
                        ]
                      ],
                      "editable": true,
                      "title": "Return to Vendor",
                      "addRowButtonText": "Add record",
                      "displayedRowsCount": 10,
                      "tableId": "cc59337d-2c18-4355-a102-95e45879e0b8",
                      "relatedColumnId": "769d7a33-e369-429f-92c6-d5b829f057b6",
                      "visibleColumnsIds": [
                        "0068573b-d09f-4783-91a7-acee7219656d",
                        "8bf11c80-d971-4496-8b43-82773d2b98ab",
                        "5e5cce5b-a5b5-4fbf-81bb-73358f0a7c23",
                        "8f90e9a8-af70-4e2c-8ddf-3d6146b11c6e",
                        "90f71abd-15ca-4815-b93c-23d5eab3bc77",
                        "bbd21bd5-47fe-4ca9-9066-f6d8b8c75898",
                        "eba841ea-30a5-4a4e-a004-f28c55d44409",
                        "598ffd86-8b71-456b-aadc-2b20d6e00014",
                        "638bf4fa-3ebf-4aee-9752-a26b34ec5e05",
                        "5ad936b7-465f-4332-b008-0e58b959acb0"
                      ],
                      "validations": {}
                    },
                    0
                  ],
                  [
                    {
                      "id": "f4a70061",
                      "type": "button",
                      "name": "Button",
                      "x": 10,
                      "width": 2,
                      "visible": true,
                      "label": "Validate",
                      "style": "filled",
                      "action": {
                        "type": "save-data"
                      },
                      "validations": {}
                    },
                    0
                  ]
                ],
                "backgroundColor": "#ffffff",
                "borderColor": "transparent",
                "padding": "none",
                "validations": {}
              },
              1
            ]
          ],
          "backgroundColor": "#ffffff",
          "borderColor": "#ced5db",
          "padding": "large",
          "validations": {}
        },
        1
      ]
    ],
    "type": "common"
  }
}