{
  "path": "usage-report-submit",
  "unique_id": "vDZdiE5pdHAEDM6a1vyK9e",
  "content": {
    "background": {
      "style": "pattern",
      "pattern": "light-2"
    },
    "layout": [
      1,
      [
        {
          "id": "d8be4b6f",
          "type": "container",
          "name": "Container",
          "x": 1,
          "width": 11,
          "visible": true,
          "layout": [
            1,
            [
              {
                "id": "2c9b2072",
                "type": "container",
                "name": "Container 2",
                "x": 0,
                "width": 12,
                "visible": true,
                "layout": [
                  1,
                  [
                    {
                      "id": "6053bc53",
                      "type": "image",
                      "name": "Image",
                      "x": 0,
                      "width": 1,
                      "height": 8,
                      "visible": true,
                      "image": "https://lcap-files-awsprod-us-east-1.s3.amazonaws.com/4kSYgAU6QDj16k8SJDsQN6/pages/vDZdiE5pdHAEDM6a1vyK9e/image/7w6aeA5kxrvzsLBn.png",
                      "fitting": "contain",
                      "horizontalAlignment": "center",
                      "verticalAlignment": "center",
                      "validations": {}
                    },
                    0
                  ],
                  [
                    {
                      "id": "f31fada8",
                      "type": "text",
                      "name": "Text",
                      "x": 1,
                      "width": 5,
                      "visible": true,
                      "text": "# Usage Report Request",
                      "alignment": "left",
                      "color": "#24434f",
                      "validations": {}
                    },
                    3
                  ],
                  [
                    {
                      "id": "33be5cf9",
                      "type": "text",
                      "name": "Text 2",
                      "x": 8,
                      "width": 4,
                      "visible": true,
                      "text": "User:#{_dp('{\"source\":\"user\",\"path\":[\"email\"]}')}",
                      "alignment": "right",
                      "color": "#24434f",
                      "validations": {}
                    },
                    3
                  ],
                  [
                    {
                      "id": "ac6076d6",
                      "type": "input",
                      "name": "Plant #",
                      "x": 0,
                      "width": 3,
                      "visible": true,
                      "dataSource": {
                        "id": "a1a712df-176e-42f9-a45d-6100496ff269",
                        "type": "short-text"
                      },
                      "editable": true,
                      "label": "Plant #",
                      "hint": "",
                      "placeholder": "",
                      "style": "short-text",
                      "validations": {
                        "required": {
                          "condition": true
                        }
                      }
                    },
                    1
                  ],
                  [
                    {
                      "id": "92c31043",
                      "type": "file",
                      "name": "Batch File Upload",
                      "x": 8,
                      "width": 4,
                      "visible": true,
                      "dataSource": {
                        "id": "f3614f0d-cac7-4553-9fe2-e93bc34bec1a",
                        "type": "file"
                      },
                      "label": "Batch Upload (.csv)",
                      "hint": "",
                      "mode": "upload",
                      "validations": {
                        "required": {
                          "condition": false
                        },
                        "fileSize": {
                          "max": 10
                        },
                        "allowedFiles": {
                          "type": "custom",
                          "extensions": [
                            "csv"
                          ]
                        }
                      }
                    },
                    3
                  ],
                  [
                    {
                      "id": "d72578ae",
                      "type": "input",
                      "name": "Site Leader Email",
                      "x": 0,
                      "width": 3,
                      "visible": true,
                      "dataSource": {
                        "id": "5c10fa30-df05-4ce0-aef8-d795f3d647eb",
                        "type": "short-text"
                      },
                      "editable": true,
                      "label": "Site Leader Email",
                      "hint": "",
                      "placeholder": "",
                      "style": "short-text",
                      "validations": {
                        "required": {
                          "condition": true
                        }
                      }
                    },
                    0
                  ],
                  [
                    {
                      "id": "5b181eb1",
                      "type": "dropdown",
                      "name": "Request Type",
                      "x": 0,
                      "width": 5,
                      "visible": true,
                      "dataSource": {
                        "id": "13e1c9af-77e3-40d7-b975-3ff73f56146b",
                        "type": "short-text"
                      },
                      "editable": true,
                      "label": "Request Type",
                      "hint": "",
                      "placeholder": "",
                      "options": [
                        {
                          "title": "Usage Report (RTCIS)",
                          "value": "Usage Report (RTCIS)"
                        }
                      ],
                      "dataSourceOptions": null,
                      "validations": {
                        "required": {
                          "condition": true
                        }
                      }
                    },
                    0
                  ],
                  [
                    {
                      "id": "e1df15f9",
                      "type": "divider",
                      "name": "Divider",
                      "x": 0,
                      "width": 12,
                      "visible": true,
                      "backgroundColor": "#ced5db",
                      "validations": {}
                    },
                    0
                  ],
                  [
                    {
                      "id": "cc471aa7",
                      "type": "table",
                      "name": "Table",
                      "x": 0,
                      "width": 12,
                      "visible": [
                        1,
                        [
                          7,
                          "#{_dp('{\"source\":\"widget\",\"id\":\"5b181eb1\",\"path\":[\"value\"]}')}",
                          "Usage Report (RTCIS)"
                        ]
                      ],
                      "editable": true,
                      "title": "Usage Report (RTCIS)",
                      "addRowButtonText": "Add record",
                      "displayedRowsCount": 10,
                      "tableId": "afe73d3c-8f40-4879-9fa5-bc33c35c4ab3",
                      "relatedColumnId": "5c1e240c-5716-444d-bedd-42e8ffa09594",
                      "visibleColumnsIds": [
                        "b075e94c-e173-4dbd-bde9-1aa834ae731d",
                        "f753af02-cee6-4032-9665-263aa8e67696",
                        "1c573216-caf7-482a-817d-770709893057",
                        "f5530892-282b-40c8-99c8-dcef9fe5ee52",
                        "b807791c-0489-436f-bd15-e787b6867448",
                        "5ce2babb-daa9-4a55-b647-f05e9e292af5",
                        "89565edb-a759-4381-a1f9-574ba5e45ec2",
                        "f10ff721-4574-411c-9c14-802cba365431",
                        "19f571d7-29d3-4a65-973a-71403d70ecd3",
                        "a856f96d-4d34-49b9-aff8-2e5cb91ed23c"
                      ],
                      "validations": {}
                    },
                    0
                  ]
                ],
                "backgroundColor": "#ffffff",
                "borderColor": "transparent",
                "padding": "none",
                "validations": {}
              },
              1
            ],
            [
              {
                "id": "f4a70061",
                "type": "button",
                "name": "Button",
                "x": 9,
                "width": 2,
                "visible": true,
                "label": "Validate",
                "style": "filled",
                "action": {
                  "type": "save-data"
                },
                "validations": {}
              },
              0
            ]
          ],
          "backgroundColor": "#ffffff",
          "borderColor": "#ced5db",
          "padding": "large",
          "validations": {}
        },
        1
      ]
    ],
    "type": "common"
  }
}