{
  "path": "stsa-shipment-request-submit",
  "unique_id": "jvGMQntpAKTgpFk9iAxmkP",
  "content": {
    "background": {
      "style": "pattern",
      "pattern": "light-2"
    },
    "layout": [
      1,
      [
        {
          "id": "d8be4b6f",
          "type": "container",
          "name": "Container",
          "x": 1,
          "width": 11,
          "visible": true,
          "layout": [
            1,
            [
              {
                "id": "2c9b2072",
                "type": "container",
                "name": "Container 2",
                "x": 0,
                "width": 12,
                "visible": true,
                "layout": [
                  1,
                  [
                    {
                      "id": "6053bc53",
                      "type": "image",
                      "name": "Image",
                      "x": 0,
                      "width": 1,
                      "height": 8,
                      "visible": true,
                      "image": "https://lcap-files-awsprod-us-east-1.s3.amazonaws.com/4kSYgAU6QDj16k8SJDsQN6/pages/jvGMQntpAKTgpFk9iAxmkP/image/7w6aeA5kxrvzsLBn.png",
                      "fitting": "contain",
                      "horizontalAlignment": "center",
                      "verticalAlignment": "center",
                      "validations": {}
                    },
                    0
                  ],
                  [
                    {
                      "id": "f31fada8",
                      "type": "text",
                      "name": "Text",
                      "x": 1,
                      "width": 4,
                      "visible": true,
                      "text": "# STSA Shipment Request",
                      "alignment": "left",
                      "color": "#24434f",
                      "validations": {}
                    },
                    3
                  ],
                  [
                    {
                      "id": "33be5cf9",
                      "type": "text",
                      "name": "Text 2",
                      "x": 8,
                      "width": 4,
                      "visible": true,
                      "text": "User:#{_dp('{\"source\":\"user\",\"path\":[\"email\"]}')}",
                      "alignment": "right",
                      "color": "#24434f",
                      "validations": {}
                    },
                    3
                  ],
                  [
                    {
                      "id": "ac6076d6",
                      "type": "input",
                      "name": "Plant #",
                      "x": 0,
                      "width": 3,
                      "visible": true,
                      "dataSource": {
                        "id": "a1a712df-176e-42f9-a45d-6100496ff269",
                        "type": "short-text"
                      },
                      "editable": true,
                      "label": "Plant #",
                      "hint": "",
                      "placeholder": "",
                      "style": "short-text",
                      "validations": {
                        "required": {
                          "condition": true
                        }
                      }
                    },
                    1
                  ],
                  [
                    {
                      "id": "d4d85b92",
                      "type": "file",
                      "name": "Batch File Upload",
                      "x": 7,
                      "width": 5,
                      "visible": [
                        1,
                        [
                          7,
                          "#{_dp('{\"source\":\"widget\",\"id\":\"5b181eb1\",\"path\":[\"value\"]}')}",
                          "STSA Shipment"
                        ]
                      ],
                      "dataSource": {
                        "id": "f3614f0d-cac7-4553-9fe2-e93bc34bec1a",
                        "type": "file"
                      },
                      "label": "Batch Upload (.csv)",
                      "hint": "",
                      "mode": "upload",
                      "validations": {
                        "required": {
                          "condition": false
                        },
                        "fileSize": {
                          "max": 10
                        },
                        "allowedFiles": {
                          "type": "custom",
                          "extensions": [
                            "csv"
                          ]
                        }
                      }
                    },
                    2
                  ],
                  [
                    {
                      "id": "a0b8e826",
                      "type": "input",
                      "name": "Storage Location",
                      "x": 0,
                      "width": 3,
                      "visible": true,
                      "dataSource": {
                        "id": "6aced24e-c3d9-448f-9f03-06eb2e3db69c",
                        "type": "short-text"
                      },
                      "editable": true,
                      "label": "Storage Location",
                      "hint": "",
                      "placeholder": "",
                      "style": "short-text",
                      "validations": {
                        "required": {
                          "condition": true
                        }
                      }
                    },
                    0
                  ],
                  [
                    {
                      "id": "5b181eb1",
                      "type": "dropdown",
                      "name": "Request Type",
                      "x": 0,
                      "width": 5,
                      "visible": true,
                      "dataSource": {
                        "id": "13e1c9af-77e3-40d7-b975-3ff73f56146b",
                        "type": "short-text"
                      },
                      "editable": true,
                      "label": "STSA Shipment Request Type",
                      "hint": "",
                      "placeholder": "Choose an option",
                      "options": [
                        {
                          "title": "STSA Shipment Reversal",
                          "value": "STSA Shipment Reversal"
                        },
                        {
                          "title": "STSA Shipment",
                          "value": "STSA Shipment"
                        }
                      ],
                      "dataSourceOptions": null,
                      "validations": {
                        "required": {
                          "condition": true
                        }
                      }
                    },
                    0
                  ],
                  [
                    {
                      "id": "e1df15f9",
                      "type": "divider",
                      "name": "Divider",
                      "x": 0,
                      "width": 12,
                      "visible": true,
                      "backgroundColor": "#ced5db",
                      "validations": {}
                    },
                    0
                  ],
                  [
                    {
                      "id": "32399d90",
                      "type": "table",
                      "name": "Shipments Request Line Items",
                      "x": 0,
                      "width": 12,
                      "visible": [
                        1,
                        [
                          7,
                          "#{_dp('{\"source\":\"widget\",\"id\":\"5b181eb1\",\"path\":[\"value\"]}')}",
                          "STSA Shipment Reversal"
                        ]
                      ],
                      "editable": true,
                      "title": "STSA Shipment Reversal",
                      "addRowButtonText": "Add record",
                      "displayedRowsCount": 10,
                      "tableId": "63504460-b056-4938-b5b7-0e51973f48cd",
                      "relatedColumnId": "086bad48-6a36-433a-aa78-124b13b58df1",
                      "visibleColumnsIds": [
                        "7fe2b322-0bc1-4d73-a158-d063bc120bde",
                        "3c26a94b-2369-4561-89e8-8cfab5f3ddc6",
                        "bcf7496c-0a85-460e-bf1a-a2b073bdce95",
                        "a877787c-fb21-42ac-ad4a-692da95fb77c",
                        "b40fa8ce-a1fd-44d3-94ef-6ad973a4534e"
                      ],
                      "validations": {}
                    },
                    0
                  ],
                  [
                    {
                      "id": "84b0777b",
                      "type": "table",
                      "name": "STSA Shipment Request Line Items",
                      "x": 0,
                      "width": 12,
                      "visible": [
                        1,
                        [
                          7,
                          "#{_dp('{\"source\":\"widget\",\"id\":\"5b181eb1\",\"path\":[\"value\"]}')}",
                          "STSA Shipment"
                        ]
                      ],
                      "editable": true,
                      "title": "STSA Shipment",
                      "addRowButtonText": "Add record",
                      "displayedRowsCount": 10,
                      "tableId": "63504460-b056-4938-b5b7-0e51973f48cd",
                      "relatedColumnId": "086bad48-6a36-433a-aa78-124b13b58df1",
                      "visibleColumnsIds": [
                        "b815e688-9df0-4167-a93b-adb77b240939",
                        "c6737a75-8581-48ee-882c-e01286c77416",
                        "bcf7496c-0a85-460e-bf1a-a2b073bdce95",
                        "1bb2b120-2a05-4ca0-a8a3-0638c1235210",
                        "6972676f-a88e-47a1-a099-1237607261e3",
                        "a877787c-fb21-42ac-ad4a-692da95fb77c",
                        "34e329ef-aa20-42b7-b473-dea2e6bb4618"
                      ],
                      "validations": {}
                    },
                    0
                  ],
                  [
                    {
                      "id": "f4a70061",
                      "type": "button",
                      "name": "Button",
                      "x": 10,
                      "width": 2,
                      "visible": true,
                      "label": "Validate",
                      "style": "filled",
                      "action": {
                        "type": "save-data"
                      },
                      "validations": {}
                    },
                    0
                  ]
                ],
                "backgroundColor": "#ffffff",
                "borderColor": "transparent",
                "padding": "none",
                "validations": {}
              },
              1
            ]
          ],
          "backgroundColor": "#ffffff",
          "borderColor": "#ced5db",
          "padding": "large",
          "validations": {}
        },
        1
      ]
    ],
    "type": "common"
  }
}