{
  "path": "receipts-request-submit",
  "unique_id": "uxQb9nEX1yyEnA1ERyDd2U",
  "content": {
    "background": {
      "style": "pattern",
      "pattern": "light-2"
    },
    "layout": [
      1,
      [
        {
          "id": "d8be4b6f",
          "type": "container",
          "name": "Container",
          "x": 1,
          "width": 11,
          "visible": true,
          "layout": [
            1,
            [
              {
                "id": "2c9b2072",
                "type": "container",
                "name": "Container 2",
                "x": 0,
                "width": 12,
                "visible": true,
                "layout": [
                  1,
                  [
                    {
                      "id": "6053bc53",
                      "type": "image",
                      "name": "Image",
                      "x": 0,
                      "width": 1,
                      "height": 8,
                      "visible": true,
                      "image": "https://lcap-files-awsprod-us-east-1.s3.amazonaws.com/4kSYgAU6QDj16k8SJDsQN6/pages/uxQb9nEX1yyEnA1ERyDd2U/image/7w6aeA5kxrvzsLBn.png",
                      "fitting": "contain",
                      "horizontalAlignment": "center",
                      "verticalAlignment": "center",
                      "validations": {}
                    },
                    0
                  ],
                  [
                    {
                      "id": "f31fada8",
                      "type": "text",
                      "name": "Text",
                      "x": 1,
                      "width": 4,
                      "visible": true,
                      "text": "# Receipts Request",
                      "alignment": "left",
                      "color": "#24434f",
                      "validations": {}
                    },
                    3
                  ],
                  [
                    {
                      "id": "33be5cf9",
                      "type": "text",
                      "name": "Text 2",
                      "x": 8,
                      "width": 4,
                      "visible": true,
                      "text": "User:#{_dp('{\"source\":\"user\",\"path\":[\"email\"]}')}",
                      "alignment": "right",
                      "color": "#24434f",
                      "validations": {}
                    },
                    3
                  ],
                  [
                    {
                      "id": "788fea18",
                      "type": "file",
                      "name": "FileUpload",
                      "x": 8,
                      "width": 4,
                      "visible": [
                        1,
                        [
                          7,
                          "#{_dp('{\"source\":\"widget\",\"id\":\"5b181eb1\",\"path\":[\"value\"]}')}",
                          "Vendor Receipt"
                        ]
                      ],
                      "dataSource": {
                        "id": "ccf12147-cafa-4f98-be3c-ab97ec42d4cc",
                        "type": "file"
                      },
                      "label": "BOL File Upload",
                      "hint": "",
                      "mode": "upload",
                      "validations": {
                        "required": {
                          "condition": true
                        },
                        "fileSize": {
                          "max": 10
                        }
                      }
                    },
                    3
                  ],
                  [
                    {
                      "id": "ac6076d6",
                      "type": "input",
                      "name": "Plant #",
                      "x": 0,
                      "width": 3,
                      "visible": true,
                      "dataSource": {
                        "id": "a1a712df-176e-42f9-a45d-6100496ff269",
                        "type": "short-text"
                      },
                      "editable": true,
                      "label": "Plant #",
                      "hint": "",
                      "placeholder": "",
                      "style": "short-text",
                      "validations": {
                        "required": {
                          "condition": true
                        }
                      }
                    },
                    1
                  ],
                  [
                    {
                      "id": "a0b8e826",
                      "type": "input",
                      "name": "Storage Location",
                      "x": 0,
                      "width": 3,
                      "visible": true,
                      "dataSource": {
                        "id": "6aced24e-c3d9-448f-9f03-06eb2e3db69c",
                        "type": "short-text"
                      },
                      "editable": true,
                      "label": "Storage Location",
                      "hint": "",
                      "placeholder": "",
                      "style": "short-text",
                      "validations": {
                        "required": {
                          "condition": true
                        }
                      }
                    },
                    0
                  ],
                  [
                    {
                      "id": "a544038e",
                      "type": "input",
                      "name": "Site Leader Email",
                      "x": 0,
                      "width": 5,
                      "visible": true,
                      "dataSource": {
                        "id": "5c10fa30-df05-4ce0-aef8-d795f3d647eb",
                        "type": "short-text"
                      },
                      "editable": true,
                      "label": "Site Leader Email",
                      "hint": "",
                      "placeholder": "",
                      "style": "short-text",
                      "validations": {
                        "required": {
                          "condition": true
                        }
                      }
                    },
                    0
                  ],
                  [
                    {
                      "id": "5b181eb1",
                      "type": "dropdown",
                      "name": "Request Type",
                      "x": 0,
                      "width": 5,
                      "visible": true,
                      "dataSource": {
                        "id": "13e1c9af-77e3-40d7-b975-3ff73f56146b",
                        "type": "short-text"
                      },
                      "editable": true,
                      "label": "Receipt Request Type",
                      "hint": "",
                      "placeholder": "Choose an option",
                      "options": [
                        {
                          "title": "Receipt Reversal",
                          "value": "Receipt Reversal"
                        },
                        {
                          "title": "Vendor Receipt",
                          "value": "Vendor Receipt"
                        }
                      ],
                      "dataSourceOptions": null,
                      "validations": {
                        "required": {
                          "condition": true
                        }
                      }
                    },
                    0
                  ],
                  [
                    {
                      "id": "e1df15f9",
                      "type": "divider",
                      "name": "Divider",
                      "x": 0,
                      "width": 12,
                      "visible": true,
                      "backgroundColor": "#ced5db",
                      "validations": {}
                    },
                    0
                  ],
                  [
                    {
                      "id": "32399d90",
                      "type": "table",
                      "name": "Shipments Request Line Items",
                      "x": 0,
                      "width": 12,
                      "visible": [
                        1,
                        [
                          7,
                          "#{_dp('{\"source\":\"widget\",\"id\":\"5b181eb1\",\"path\":[\"value\"]}')}",
                          "Receipt Reversal"
                        ]
                      ],
                      "editable": true,
                      "title": "Receipt Reversal",
                      "addRowButtonText": "Add record",
                      "displayedRowsCount": 10,
                      "tableId": "f11ec614-def4-4cf2-9ffd-54fcf6cac054",
                      "relatedColumnId": "e9730a2a-d2f7-4605-9533-30fb7df244ce",
                      "visibleColumnsIds": [
                        "642d8ec6-fcf4-41b3-a760-e8a7bba7a6b0",
                        "7667efae-81c7-473c-8b2b-85b1cb462ae5",
                        "fa924685-a1d3-4d6a-8cba-f53a2f630a6a",
                        "d74c4dc2-4091-4d75-a975-db75bbb021e7",
                        "8becda1b-011f-457a-8aa5-2029dccb2a75"
                      ],
                      "validations": {}
                    },
                    0
                  ],
                  [
                    {
                      "id": "d3f4a976",
                      "type": "table",
                      "name": "Table",
                      "x": 0,
                      "width": 12,
                      "visible": [
                        1,
                        [
                          7,
                          "#{_dp('{\"source\":\"widget\",\"id\":\"5b181eb1\",\"path\":[\"value\"]}')}",
                          "Vendor Receipt"
                        ]
                      ],
                      "editable": true,
                      "title": "Vendor Receipt",
                      "addRowButtonText": "Add record",
                      "displayedRowsCount": 10,
                      "tableId": "f5b18591-0170-4e68-b28a-9727a46ed246",
                      "relatedColumnId": "4931e354-9f10-4a10-9b6f-18de512ad5d8",
                      "visibleColumnsIds": [
                        "23d75496-fc36-473d-8dba-cea09e45ac8b",
                        "4a6b7fc6-18a2-4553-a621-1ed109d4e972",
                        "dbe41d9b-a67c-4bba-917c-659ea6fff94c",
                        "df34c012-0636-4471-8efe-3b5ac87eb928",
                        "1f5d568b-2807-419f-81a6-dd7a81b988be",
                        "d6d2b32f-a39b-4306-983f-779a6b31cc79",
                        "4f5c4a66-8e59-4467-82d3-3c9e5c69aa8c",
                        "5fc287c8-325a-45b0-9527-992d48e6f3ed"
                      ],
                      "validations": {}
                    },
                    0
                  ],
                  [
                    {
                      "id": "f4a70061",
                      "type": "button",
                      "name": "Button",
                      "x": 10,
                      "width": 2,
                      "visible": true,
                      "label": "Validate",
                      "style": "filled",
                      "action": {
                        "type": "save-data"
                      },
                      "validations": {}
                    },
                    0
                  ]
                ],
                "backgroundColor": "#ffffff",
                "borderColor": "transparent",
                "padding": "none",
                "validations": {}
              },
              1
            ]
          ],
          "backgroundColor": "#ffffff",
          "borderColor": "#ced5db",
          "padding": "large",
          "validations": {}
        },
        1
      ]
    ],
    "type": "common"
  }
}