{
  "path": "consumption-request-submit",
  "unique_id": "nfW6yMUti4FZZEvsnwVoWS",
  "content": {
    "background": {
      "style": "pattern",
      "pattern": "light-2"
    },
    "layout": [
      1,
      [
        {
          "id": "d8be4b6f",
          "type": "container",
          "name": "Container",
          "x": 1,
          "width": 11,
          "visible": true,
          "layout": [
            1,
            [
              {
                "id": "2c9b2072",
                "type": "container",
                "name": "Container 2",
                "x": 0,
                "width": 12,
                "visible": true,
                "layout": [
                  1,
                  [
                    {
                      "id": "6053bc53",
                      "type": "image",
                      "name": "Image",
                      "x": 0,
                      "width": 1,
                      "height": 8,
                      "visible": true,
                      "image": "https://lcap-files-awsprod-us-east-1.s3.amazonaws.com/4kSYgAU6QDj16k8SJDsQN6/pages/nfW6yMUti4FZZEvsnwVoWS/image/7w6aeA5kxrvzsLBn.png",
                      "fitting": "contain",
                      "horizontalAlignment": "center",
                      "verticalAlignment": "center",
                      "validations": {}
                    },
                    0
                  ],
                  [
                    {
                      "id": "f31fada8",
                      "type": "text",
                      "name": "Text",
                      "x": 1,
                      "width": 5,
                      "visible": true,
                      "text": "# Consumption Request",
                      "alignment": "left",
                      "color": "#24434f",
                      "validations": {}
                    },
                    3
                  ],
                  [
                    {
                      "id": "33be5cf9",
                      "type": "text",
                      "name": "Text 2",
                      "x": 8,
                      "width": 4,
                      "visible": true,
                      "text": "User:#{_dp('{\"source\":\"user\",\"path\":[\"email\"]}')}",
                      "alignment": "right",
                      "color": "#24434f",
                      "validations": {}
                    },
                    3
                  ],
                  [
                    {
                      "id": "ac6076d6",
                      "type": "input",
                      "name": "Plant #",
                      "x": 0,
                      "width": 3,
                      "visible": true,
                      "dataSource": {
                        "id": "a1a712df-176e-42f9-a45d-6100496ff269",
                        "type": "short-text"
                      },
                      "editable": true,
                      "label": "Plant #",
                      "hint": "",
                      "placeholder": "",
                      "style": "short-text",
                      "validations": {
                        "required": {
                          "condition": true
                        }
                      }
                    },
                    1
                  ],
                  [
                    {
                      "id": "3e903c1c",
                      "type": "file",
                      "name": "Batch File Upload",
                      "x": 7,
                      "width": 5,
                      "visible": true,
                      "dataSource": {
                        "id": "f3614f0d-cac7-4553-9fe2-e93bc34bec1a",
                        "type": "file"
                      },
                      "label": "Batch Upload (.csv)",
                      "hint": "",
                      "mode": "upload",
                      "validations": {
                        "required": {
                          "condition": false
                        },
                        "fileSize": {
                          "max": 10
                        },
                        "allowedFiles": {
                          "type": "custom",
                          "extensions": [
                            "csv"
                          ]
                        }
                      }
                    },
                    4
                  ],
                  [
                    {
                      "id": "a0b8e826",
                      "type": "input",
                      "name": "Storage Location",
                      "x": 0,
                      "width": 3,
                      "visible": true,
                      "dataSource": {
                        "id": "6aced24e-c3d9-448f-9f03-06eb2e3db69c",
                        "type": "short-text"
                      },
                      "editable": true,
                      "label": "Storage Location",
                      "hint": "",
                      "placeholder": "",
                      "style": "short-text",
                      "validations": {
                        "required": {
                          "condition": true
                        }
                      }
                    },
                    0
                  ],
                  [
                    {
                      "id": "a85376cc",
                      "type": "input",
                      "name": "Site Leader Email",
                      "x": 0,
                      "width": 5,
                      "visible": true,
                      "dataSource": {
                        "id": "5c10fa30-df05-4ce0-aef8-d795f3d647eb",
                        "type": "short-text"
                      },
                      "editable": true,
                      "label": "Site Leader Email",
                      "hint": "",
                      "placeholder": "",
                      "style": "short-text",
                      "validations": {
                        "required": {
                          "condition": false
                        }
                      }
                    },
                    0
                  ],
                  [
                    {
                      "id": "5b181eb1",
                      "type": "dropdown",
                      "name": "Request Type",
                      "x": 0,
                      "width": 5,
                      "visible": true,
                      "dataSource": {
                        "id": "13e1c9af-77e3-40d7-b975-3ff73f56146b",
                        "type": "short-text"
                      },
                      "editable": true,
                      "label": "Consumption Request Type",
                      "hint": "",
                      "placeholder": "",
                      "options": [
                        {
                          "title": "Consumption Adjustment (Batch)",
                          "value": "Consumption Adjustment (Batch)"
                        }
                      ],
                      "dataSourceOptions": null,
                      "validations": {
                        "required": {
                          "condition": true
                        }
                      }
                    },
                    0
                  ],
                  [
                    {
                      "id": "e1df15f9",
                      "type": "divider",
                      "name": "Divider",
                      "x": 0,
                      "width": 12,
                      "visible": true,
                      "backgroundColor": "#ced5db",
                      "validations": {}
                    },
                    0
                  ],
                  [
                    {
                      "id": "d610616f",
                      "type": "table",
                      "name": "Table",
                      "x": 0,
                      "width": 12,
                      "visible": [
                        1,
                        [
                          7,
                          "#{_dp('{\"source\":\"widget\",\"id\":\"5b181eb1\",\"path\":[\"selectedLabel\"]}')}",
                          "Consumption Adjustment (Batch)"
                        ]
                      ],
                      "editable": true,
                      "title": "Consumption Adjustment (Batch)Line Items",
                      "addRowButtonText": "Add record",
                      "displayedRowsCount": 10,
                      "tableId": "c74635b2-6a49-43a8-94a2-d31396cb9ed0",
                      "relatedColumnId": "d96d174c-1559-433f-8ab3-b8e714a2e43f",
                      "visibleColumnsIds": [
                        "57b18332-861d-4dc4-ad51-3be14d3d5a4d",
                        "12b8168d-7bc6-405d-99fb-5fd3e024b334",
                        "ba9e41d3-e3fd-4bcb-8f29-a5addc154856",
                        "d5b73e37-b686-4497-a097-5317d1735d4d",
                        "3d127b76-33cc-4344-b874-cb46a9dda71d"
                      ],
                      "validations": {}
                    },
                    0
                  ]
                ],
                "backgroundColor": "#ffffff",
                "borderColor": "transparent",
                "padding": "none",
                "validations": {}
              },
              1
            ],
            [
              {
                "id": "f4a70061",
                "type": "button",
                "name": "Button",
                "x": 9,
                "width": 2,
                "visible": true,
                "label": "Validate",
                "style": "filled",
                "action": {
                  "type": "save-data"
                },
                "validations": {}
              },
              0
            ]
          ],
          "backgroundColor": "#ffffff",
          "borderColor": "#ced5db",
          "padding": "large",
          "validations": {}
        },
        1
      ]
    ],
    "type": "common"
  }
}